Kernel,MAE_None,MAE_True,Trust,Gain
QUAD,0.5517343794676708,0.5442635464697377,0.6136490400880575,0.007470832997933052
SIN,0.47140875914832575,0.466069128497038,0.5818698154762387,0.00533963065128773
CUBE,0.4053836352878716,0.4026174238824751,0.5622467277571559,0.002766211405396457
GAUSS,0.454550019428425,0.44646691430389185,0.5967774660512805,0.008083105124533141
